term_id	slug	name	parent_slug
956	anti-scheuer-schutz-anwendung	Anwendung Anti-Scheuer-Schutz	
631	automatische-traenken-anwendung	Anwendung Automatische Tränken	
832	bodenarbeitsseile-anwendung	Anwendung Bodenarbeitsseile	
875	bodenstangen-anwendung	Anwendung Bodenstangen	
813	bremsenfallen-anwendung	Anwendung Bremsenfallen	
708	gesundheit-insekten-und-schutz-bremsenfallen-anwendung	Anwendung Bremsenfallen	
731	desinfektionsmittel-fuer-stall-anwendung	Anwendung Desinfektionsmittel für Stall	
604	diaetfutter-anwendung	Anwendung Diätfutter	
866	doppellonge-anwendung	Anwendung Doppellonge	
670	dosierer-fuer-futter-anwendung	Anwendung Dosierer für Futter	
889	dressurviereck-buchstaben-anwendung	Anwendung Dressurviereck Buchstaben	
880	training-bodenhindernisse-dualgassen-anwendung	Anwendung Dualgassen	
818	ekzemerdecken-anwendung	Anwendung Ekzemerdecken	
713	gesundheit-insekten-und-schutz-ekzemerdecken-anwendung	Anwendung Ekzemerdecken	
808	fliegenmasken-anwendung	Anwendung Fliegenmasken	
703	gesundheit-insekten-und-schutz-fliegenmasken-anwendung	Anwendung Fliegenmasken	
803	fliegensprays-anwendung	Anwendung Fliegensprays	
698	gesundheit-insekten-und-schutz-fliegensprays-anwendung	Anwendung Fliegensprays	
922	fohlenhalfter-anwendung	Anwendung Fohlenhalfter	
478	traenken-und-wasser-frostsichere-pferdetraenken-anwendung	Anwendung frostsichere Pferdetränken	
937	fuehrtraining-zubehoer-anwendung	Anwendung Führtraining-Zubehör	
655	futterautomaten-anwendung	Anwendung Futterautomaten	
646	futterkammer-regale-anwendung	Anwendung Futterkammer-Regale	
1128	futterplan-vorlagen-anwendung	Anwendung Futterplan Vorlagen	
636	futtersilos-anwendung	Anwendung Futtersilos	
679	futterstationen-anwendung	Anwendung Futterstationen	
589	futtertonnen-anwendung	Anwendung Futtertonnen	
665	futterwaagen-anwendung	Anwendung Futterwaagen	
842	gassen-fuer-bodenarbeit-anwendung	Anwendung Gassen für Bodenarbeit	
784	gesundheit-senioren-gelenkergaenzer-fuer-senioren-anwendung	Anwendung Gelenkergänzer für Senioren	
932	gewoehnungssachen-anwendung	Anwendung Gewöhnungssachen	
584	hafer-anwendung	Anwendung Hafer	
532	heuballenraufen-anwendung	Anwendung Heuballenraufen	
503	heubedampfer-anwendung	Anwendung Heubedampfer	
512	heufeuchtemesser-anwendung	Anwendung Heufeuchtemesser	
641	heulagerung-anwendung	Anwendung Heulagerung	
517	heunetze-anwendung	Anwendung Heunetze	
498	heunetze-fuer-staubarmes-heu-anwendung	Anwendung Heunetze für staubarmes Heu	
527	heuraufen-anwendung	Anwendung Heuraufen	
541	heuspender-anwendung	Anwendung Heuspender	
689	huffett-anwendung	Anwendung Huffett	
684	hufoel-anwendung	Anwendung Huföl	
483	isolierte-wasserleitungen-anwendung	Anwendung Isolierte Wasserleitungen	
927	jungpferde-ausruestung-anwendung	Anwendung Jungpferde-Ausrüstung	
837	knotenhalfter-fuer-bodenarbeit-anwendung	Anwendung Knotenhalfter für Bodenarbeit	
755	gesundheit-regeneration-kuehlgamaschen-anwendung	Anwendung Kühlgamaschen	
851	longiergurte-anwendung	Anwendung Longiergurte	
856	longierleinen-anwendung	Anwendung Longierleinen	
861	longierpeitschen-anwendung	Anwendung Longierpeitschen	
609	magenfutter-anwendung	Anwendung Magenfutter	
765	magnetfelddecken-anwendung	Anwendung Magnetfelddecken	
594	mash-anwendung	Anwendung Mash	
760	massagegeraete-anwendung	Anwendung Massagegeräte	
546	mineralfutter-fuer-pferde-anwendung	Anwendung Mineralfutter für Pferde	
551	minerallecksteine-anwendung	Anwendung Minerallecksteine	
746	mistgabeln-hygiene-anwendung	Anwendung Mistgabeln Hygiene	
574	mueslis-fuer-pferde-anwendung	Anwendung Müslis für Pferde	
618	oele-fuer-pferde-anwendung	Anwendung Öle für Pferde	
741	parasitenmittel-stall-anwendung	Anwendung Parasitenmittel Stall	
579	pellets-anwendung	Anwendung Pellets	
794	rutschfeste-stallmatten-fuer-senioren-anwendung	Anwendung Rutschfeste Stallmatten für Senioren	
556	salzlecksteine-anwendung	Anwendung Salzlecksteine	
789	seniorendecken-anwendung	Anwendung Seniorendecken	
779	seniorenfutter-anwendung	Anwendung Seniorenfutter	
599	gesundheit-senioren-seniorenfutter-anwendung	Anwendung Seniorenfutter	
946	sicherheitshalfter-anwendung	Anwendung Sicherheitshalfter	
522	slowfeeder-anwendung	Anwendung Slowfeeder	
899	springstaender-anwendung	Anwendung Springständer	
561	spurenelemente-anwendung	Anwendung Spurenelemente	
894	stangenhalter-anwendung	Anwendung Stangenhalter	
951	stressarme-ausruestung-anwendung	Anwendung Stressarme Ausrüstung	
488	thermotraenken-anwendung	Anwendung Thermotränken	
913	trail-elemente-anwendung	Anwendung Trail-Elemente	
961	trainingsplaene-problempferde-anwendung	Anwendung Trainingspläne Problempferde	
908	trainingszubehoer-anwendung	Anwendung Trainingszubehör	
827	verbandskoffer-anwendung	Anwendung Verbandskoffer	
722	verbandsmaterial-anwendung	Anwendung Verbandsmaterial	
770	waermedecken-anwendung	Anwendung Wärmedecken	
736	waschmittel-fuer-pferdedecken-anwendung	Anwendung Waschmittel für Pferdedecken	
660	zeitschalt-futterautomaten-anwendung	Anwendung Zeitschalt-Futterautomaten	
1488	ausbildung-reitweisen	Ausbildung & Reitweisen	
967	1-5er-pferdeanhaenger-beratung	Beratung 1,5er Pferdeanhänger	
972	2er-pferdeanhaenger-beratung	Beratung 2er Pferdeanhänger	
977	alu-pferdeanhaenger-beratung	Beratung Alu-Pferdeanhänger	
199	anbindebalken-beratung	Beratung Anbindebalken	
1057	anhaengerbeleuchtung-beratung	Beratung Anhängerbeleuchtung	
995	anhaengerkameras-beratung	Beratung Anhängerkameras	
1024	anhaengerkupplungen-beratung	Beratung Anhängerkupplungen	
953	anti-scheuer-schutz-beratung	Beratung Anti-Scheuer-Schutz	
1117	ausruestung-grundlagen-beratung	Beratung Ausrüstung Grundlagen	
628	automatische-traenken-beratung	Beratung Automatische Tränken	
369	bahnplaner-beratung	Beratung Bahnplaner	
915	balance-pads-beratung	Beratung Balance-Pads	
772	bandagen-zur-regeneration-beratung	Beratung Bandagen zur Regeneration	
392	batterie-weidezaungeraete-beratung	Beratung Batterie-Weidezaungeräte	
963	bodenarbeitshilfen-beratung	Beratung Bodenarbeitshilfen	
829	bodenarbeitsseile-beratung	Beratung Bodenarbeitsseile	
872	bodenstangen-beratung	Beratung Bodenstangen	
180	boxengitter-beratung	Beratung Boxengitter	
185	boxenmatten-beratung	Beratung Boxenmatten	
175	boxentueren-beratung	Beratung Boxentüren	
810	bremsenfallen-beratung	Beratung Bremsenfallen	
705	gesundheit-insekten-und-schutz-bremsenfallen-beratung	Beratung Bremsenfallen	
273	dachrinnen-am-unterstand-beratung	Beratung Dachrinnen am Unterstand	
796	decken-fuer-seniorenpferde-beratung	Beratung Decken für Seniorenpferde	
39	pferdedecken-deckengurte-beratung	Beratung Deckengurte	
44	pferdedecken-deckentaschen-und-aufbewahrung-beratung	Beratung Deckentaschen und Aufbewahrung	
728	desinfektionsmittel-fuer-stall-beratung	Beratung Desinfektionsmittel für Stall	
601	diaetfutter-beratung	Beratung Diätfutter	
863	doppellonge-beratung	Beratung Doppellonge	
667	dosierer-fuer-futter-beratung	Beratung Dosierer für Futter	
886	dressurviereck-buchstaben-beratung	Beratung Dressurviereck Buchstaben	
844	dualgassen-beratung	Beratung Dualgassen	
877	training-bodenhindernisse-dualgassen-beratung	Beratung Dualgassen	
1070	einstellvertrag-vorlagen-beratung	Beratung Einstellvertrag Vorlagen	
815	ekzemerdecken-beratung	Beratung Ekzemerdecken	
710	gesundheit-insekten-und-schutz-ekzemerdecken-beratung	Beratung Ekzemerdecken	
422	elektrozaeune-fuer-pferde-beratung	Beratung Elektrozäune für Pferde	
106	englische-trensen-beratung	Beratung Englische Trensen	
402	erdung-beim-weidezaun-beratung	Beratung Erdung beim Weidezaun	
426	festzaeune-fuer-pferde-beratung	Beratung Festzäune für Pferde	
805	fliegenmasken-beratung	Beratung Fliegenmasken	
700	gesundheit-insekten-und-schutz-fliegenmasken-beratung	Beratung Fliegenmasken	
800	fliegensprays-beratung	Beratung Fliegensprays	
695	gesundheit-insekten-und-schutz-fliegensprays-beratung	Beratung Fliegensprays	
60	halfter-und-stricke-fohlenhalfter-beratung	Beratung Fohlenhalfter	
919	fohlenhalfter-beratung	Beratung Fohlenhalfter	
672	fressbremsen-beratung	Beratung Fressbremsen	
246	fressstaender-im-offenstall-beratung	Beratung Fressständer im Offenstall	
490	frostschutz-fuer-weidetraenken-beratung	Beratung Frostschutz für Weidetränken	
475	traenken-und-wasser-frostsichere-pferdetraenken-beratung	Beratung frostsichere Pferdetränken	
156	frostwaechter-beratung	Beratung Frostwächter	
934	fuehrtraining-zubehoer-beratung	Beratung Führtraining-Zubehör	
652	futterautomaten-beratung	Beratung Futterautomaten	
643	futterkammer-regale-beratung	Beratung Futterkammer-Regale	
1125	futterplan-vorlagen-beratung	Beratung Futterplan Vorlagen	
633	futtersilos-beratung	Beratung Futtersilos	
676	futterstationen-beratung	Beratung Futterstationen	
586	futtertonnen-beratung	Beratung Futtertonnen	
1107	futterumstellung-checkliste-beratung	Beratung Futterumstellung	
1119	fuetterung-grundlagen-beratung	Beratung Fütterung Grundlagen	
1080	fuetterungsberatung-beratung	Beratung Fütterungsberatung	
662	futterwaagen-beratung	Beratung Futterwaagen	
839	gassen-fuer-bodenarbeit-beratung	Beratung Gassen für Bodenarbeit	
111	gebisse-beratung	Beratung Gebisse	
116	gebisslose-zaeumungen-beratung	Beratung Gebisslose Zäumungen	
781	gesundheit-senioren-gelenkergaenzer-fuer-senioren-beratung	Beratung Gelenkergänzer für Senioren	
1121	gesundheitsvorsorge-grundlagen-beratung	Beratung Gesundheitsvorsorge Grundlagen	
929	gewoehnungssachen-beratung	Beratung Gewöhnungssachen	
581	hafer-beratung	Beratung Hafer	
1076	haftung-im-stall-beratung	Beratung Haftung im Stall	
1082	haltungsberatung-beratung	Beratung Haltungsberatung	
529	heuballenraufen-beratung	Beratung Heuballenraufen	
500	heubedampfer-beratung	Beratung Heubedampfer	
509	heufeuchtemesser-beratung	Beratung Heufeuchtemesser	
638	heulagerung-beratung	Beratung Heulagerung	
514	heunetze-beratung	Beratung Heunetze	
1000	heunetze-fuer-anhaenger-beratung	Beratung Heunetze für Anhänger	
495	heunetze-fuer-staubarmes-heu-beratung	Beratung Heunetze für staubarmes Heu	
505	heupruefer-beratung	Beratung Heuprüfer	
524	heuraufen-beratung	Beratung Heuraufen	
452	heuraufen-fuer-weiden-beratung	Beratung Heuraufen für Weiden	
538	heuspender-beratung	Beratung Heuspender	
534	heutaschen-beratung	Beratung Heutaschen	
25	pferdedecken-high-neck-decken-beratung	Beratung High-Neck-Decken	
901	hindernisstangen-beratung	Beratung Hindernisstangen	
287	hoflader-zubehoer-beratung	Beratung Hoflader Zubehör	
282	hoftraktoren-beratung	Beratung Hoftraktoren	
982	holz-poly-pferdeanhaenger-beratung	Beratung Holz-Poly-Pferdeanhänger	
434	holzzaeune-fuer-pferde-beratung	Beratung Holzzäune für Pferde	
1091	hufberatung-beratung	Beratung Hufberatung	
686	huffett-beratung	Beratung Huffett	
681	hufoel-beratung	Beratung Huföl	
691	hufschuhe-beratung	Beratung Hufschuhe	
611	hufzusaetze-beratung	Beratung Hufzusätze	
820	insektenschutz-fuers-pferd-beratung	Beratung Insektenschutz fürs Pferd	
480	isolierte-wasserleitungen-beratung	Beratung Isolierte Wasserleitungen	
924	jungpferde-ausruestung-beratung	Beratung Jungpferde-Ausrüstung	
939	jungpferde-decken-beratung	Beratung Jungpferde-Decken	
161	kameras-im-stall-beratung	Beratung Kameras im Stall	
868	kappzaum-beratung	Beratung Kappzaum	
72	kardaetschen-beratung	Beratung Kardätschen	
52	halfter-und-stricke-knotenhalfter-beratung	Beratung Knotenhalfter	
834	knotenhalfter-fuer-bodenarbeit-beratung	Beratung Knotenhalfter für Bodenarbeit	
190	krippen-fuer-pferdeboxen-beratung	Beratung Krippen für Pferdeboxen	
724	kuehlgamaschen-beratung	Beratung Kühlgamaschen	
752	gesundheit-regeneration-kuehlgamaschen-beratung	Beratung Kühlgamaschen	
438	kunststoffzaeune-fuer-pferde-beratung	Beratung Kunststoffzäune für Pferde	
231	liegeflaechen-im-offenstall-beratung	Beratung Liegeflächen im Offenstall	
848	longiergurte-beratung	Beratung Longiergurte	
853	longierleinen-beratung	Beratung Longierleinen	
858	longierpeitschen-beratung	Beratung Longierpeitschen	
166	luefter-im-stall-beratung	Beratung Lüfter im Stall	
606	magenfutter-beratung	Beratung Magenfutter	
762	magnetfelddecken-beratung	Beratung Magnetfelddecken	
591	mash-beratung	Beratung Mash	
757	massagegeraete-beratung	Beratung Massagegeräte	
648	maeusesichere-futterboxen-beratung	Beratung Mäusesichere Futterboxen	
567	mineralbar-im-stall-beratung	Beratung Mineralbar im Stall	
543	mineralfutter-fuer-pferde-beratung	Beratung Mineralfutter für Pferde	
563	mineralfutterspender-beratung	Beratung Mineralfutterspender	
548	minerallecksteine-beratung	Beratung Minerallecksteine	
208	mistboy-beratung	Beratung Mistboy	
217	mistcontainer-beratung	Beratung Mistcontainer	
743	mistgabeln-hygiene-beratung	Beratung Mistgabeln Hygiene	
221	mistlagerung-beratung	Beratung Mistlagerung	
457	mobile-heuraufen-beratung	Beratung Mobile Heuraufen	
259	mobile-unterstaende-beratung	Beratung Mobile Unterstände	
430	mobile-weidezaeune-beratung	Beratung Mobile Weidezäune	
571	mueslis-fuer-pferde-beratung	Beratung Müslis für Pferde	
301	nachsaat-fuer-pferdeweiden-beratung	Beratung Nachsaat für Pferdeweiden	
397	netzgeraete-fuer-weidezaeune-beratung	Beratung Netzgeräte für Weidezäune	
1105	notfallcheckliste-beratung	Beratung Notfallcheckliste	
1053	notfallsets-fuer-fahrten-beratung	Beratung Notfallsets für Fahrten	
241	offenstall-bodenbefestigung-beratung	Beratung Offenstall-Bodenbefestigung	
1588	offenstallbau-beratung	Beratung Offenstallbau	
226	offenstallraufen-beratung	Beratung Offenstallraufen	
236	offenstalltore-beratung	Beratung Offenstalltore	
615	oele-fuer-pferde-beratung	Beratung Öle für Pferde	
1593	paddockbau-beratung	Beratung Paddockbau	
442	paddockzaeune-beratung	Beratung Paddockzäune	
738	parasitenmittel-stall-beratung	Beratung Parasitenmittel Stall	
576	pellets-beratung	Beratung Pellets	
1049	checklisten-fuer-pferdeanhaenger-beratung	Beratung Pferdeanhänger	
987	pferdeanhaenger-mit-sattelkammer-beratung	Beratung Pferdeanhänger mit Sattelkammer	
64	pferdebuersten-beratung	Beratung Pferdebürsten	
1066	pferdehaftpflicht-beratung	Beratung Pferdehaftpflicht	
1111	pferdehaltung-grundlagen-beratung	Beratung Pferdehaltung Grundlagen	
1578	pferdesaettel-beratung	Beratung Pferdesättel	
1037	putzboxen-fuers-turnier-beratung	Beratung Putzboxen fürs Turnier	
194	putzplatzmatten-beratung	Beratung Putzplatzmatten	
1008	rampenmatten-beratung	Beratung Rampenmatten	
10	pferdedecken-regendecken-beratung	Beratung Regendecken	
1068	reitbeteiligungsvertrag-beratung	Beratung Reitbeteiligungsvertrag	
129	reithalfter-beratung	Beratung Reithalfter	
138	reithandschuhe-beratung	Beratung Reithandschuhe	
133	reithelme-beratung	Beratung Reithelme	
1598	reitplatzbau-beratung	Beratung Reitplatzbau	
345	reitplatzbeleuchtung-beratung	Beratung Reitplatzbeleuchtung	
350	reitplatzbewaesserung-beratung	Beratung Reitplatzbewässerung	
377	reitplatzbewaesserung-mobil-beratung	Beratung Reitplatzbewässerung mobil	
330	reitplatzboden-beratung	Beratung Reitplatzboden	
335	reitplatzdrainage-beratung	Beratung Reitplatzdrainage	
359	reitplatzplaner-beratung	Beratung Reitplatzplaner	
364	reitplatzschleppe-beratung	Beratung Reitplatzschleppe	
354	reitplatzspiegel-beratung	Beratung Reitplatzspiegel	
340	reitplatzumrandung-beratung	Beratung Reitplatzumrandung	
142	reitstiefel-beratung	Beratung Reitstiefel	
1020	rutschfeste-anhaengermatten-beratung	Beratung Rutschfeste Anhängermatten	
791	rutschfeste-stallmatten-fuer-senioren-beratung	Beratung Rutschfeste Stallmatten für Senioren	
553	salzlecksteine-beratung	Beratung Salzlecksteine	
373	sandverteiler-beratung	Beratung Sandverteiler	
1088	sattelanpassung-beratung-beratung	Beratung Sattelanpassung Beratung	
80	satteldecken-beratung	Beratung Satteldecken	
89	sattelgurte-beratung	Beratung Sattelgurte	
98	sattelschraenke-beratung	Beratung Sattelschränke	
102	satteltransport-beratung	Beratung Satteltransport	
85	schabracken-beratung	Beratung Schabracken	
466	schattensegel-fuer-pferde-beratung	Beratung Schattensegel für Pferde	
76	schermaschinen-beratung	Beratung Schermaschinen	
715	gesundheit-fellpflege-und-saison-schermaschinen-beratung	Beratung Schermaschinen	
212	schubkarren-beratung	Beratung Schubkarren	
786	seniorendecken-beratung	Beratung Seniorendecken	
776	seniorenfutter-beratung	Beratung Seniorenfutter	
596	gesundheit-senioren-seniorenfutter-beratung	Beratung Seniorenfutter	
56	halfter-und-stricke-sicherheitshalfter-beratung	Beratung Sicherheitshalfter	
943	sicherheitshalfter-beratung	Beratung Sicherheitshalfter	
146	sicherheitswesten-beratung	Beratung Sicherheitswesten	
519	slowfeeder-beratung	Beratung Slowfeeder	
313	solar-weidepumpen-beratung	Beratung Solar-Weidepumpen	
387	solar-weidezaungeraete-beratung	Beratung Solar-Weidezaungeräte	
125	sperrriemen-beratung	Beratung Sperrriemen	
896	springstaender-beratung	Beratung Springständer	
558	spurenelemente-beratung	Beratung Spurenelemente	
1084	stallbau-beratung-beratung	Beratung Stallbau Beratung	
151	stallbeleuchtung-beratung	Beratung Stallbeleuchtung	
30	pferdedecken-stalldecken-beratung	Beratung Stalldecken	
48	halfter-und-stricke-stallhalfter-beratung	Beratung Stallhalfter	
748	stallmatten-reiniger-beratung	Beratung Stallmatten-Reiniger	
1095	stallwechsel-checkliste-beratung	Beratung Stallwechsel	
891	stangenhalter-beratung	Beratung Stangenhalter	
94	steigbuegel-beratung	Beratung Steigbügel	
948	stressarme-ausruestung-beratung	Beratung Stressarme Ausrüstung	
68	striegel-beratung	Beratung Striegel	
1029	stuetzraeder-beratung	Beratung Stützräder	
485	thermotraenken-beratung	Beratung Thermotränken	
910	trail-elemente-beratung	Beratung Trail-Elemente	
882	trail-hindernisse-beratung	Beratung Trail-Hindernisse	
1130	trainingsplan-vorlage-beratung	Beratung Trainingsplan Vorlage	
958	trainingsplaene-problempferde-beratung	Beratung Trainingspläne Problempferde	
905	trainingszubehoer-beratung	Beratung Trainingszubehör	
624	traenkeeimer-beratung	Beratung Tränkeeimer	
991	transportgamaschen-beratung	Beratung Transportgamaschen	
1072	transportrecht-pferde-beratung	Beratung Transportrecht Pferde	
1041	transporttaschen-beratung	Beratung Transporttaschen	
250	trennwaende-im-offenstall-beratung	Beratung Trennwände im Offenstall	
1583	trensen-beratung	Beratung Trensen	
1033	turnierboxen-beratung	Beratung Turnierboxen	
1103	turniercheckliste-beratung	Beratung Turniercheckliste	
1045	turnierplaner-beratung	Beratung Turnierplaner	
1062	tuev-beim-pferdeanhaenger-beratung	Beratung TÜV beim Pferdeanhänger	
20	pferdedecken-uebergangsdecken-beratung	Beratung Übergangsdecken	
34	pferdedecken-unterdecken-beratung	Beratung Unterdecken	
277	unterstand-beleuchtung-beratung	Beratung Unterstand-Beleuchtung	
268	unterstand-boden-beratung	Beratung Unterstand-Boden	
824	verbandskoffer-beratung	Beratung Verbandskoffer	
719	verbandsmaterial-beratung	Beratung Verbandsmaterial	
1016	verladehilfen-beratung	Beratung Verladehilfen	
1012	verladestangen-beratung	Beratung Verladestangen	
1004	verladetraining-zubehoer-beratung	Beratung Verladetraining Zubehör	
767	waermedecken-beratung	Beratung Wärmedecken	
733	waschmittel-fuer-pferdedecken-beratung	Beratung Waschmittel für Pferdedecken	
203	waschplatz-fuer-pferde-beratung	Beratung Waschplatz für Pferde	
170	wasserleitungen-im-stall-beratung	Beratung Wasserleitungen im Stall	
322	wassertroege-fuer-weiden-beratung	Beratung Wassertröge für Weiden	
620	weide-wassertanks-beratung	Beratung Weide-Wassertanks	
318	weidebrunnen-beratung	Beratung Weidebrunnen	
1099	weidecheckliste-beratung	Beratung Weidecheckliste	
326	weidekameras-beratung	Beratung Weidekameras	
410	weidezaeune-weidelitze-beratung	Beratung Weidelitze	
1113	weidemanagement-grundlagen-beratung	Beratung Weidemanagement Grundlagen	
297	weidepflegegeraete-beratung	Beratung Weidepflegegeräte	
305	weideschleppen-beratung	Beratung Weideschleppen	
414	weidezaeune-weideseil-beratung	Beratung Weideseil	
447	weidetore-beratung	Beratung Weidetore	
470	weidetraenken-beratung	Beratung Weidetränken	
255	weideunterstaende-beratung	Beratung Weideunterstände	
309	weidewalzen-beratung	Beratung Weidewalzen	
406	weidezaeune-weidezaunband-beratung	Beratung Weidezaunband	
292	weidezaungeraete-beratung	Beratung Weidezaungeräte	
382	weide-zauntechnik-weidezaungeraete-beratung	Beratung Weidezaungeräte	
462	weidezelt-beratung	Beratung Weidezelt	
263	windschutz-fuer-pferde-beratung	Beratung Windschutz für Pferde	
15	pferdedecken-winterdecken-beratung	Beratung Winterdecken	
418	weidezaeune-zaunpfosten-beratung	Beratung Zaunpfosten	
657	zeitschalt-futterautomaten-beratung	Beratung Zeitschalt-Futterautomaten	
121	zuegel-beratung	Beratung Zügel	
966	1-5er-pferdeanhaenger-faq	FAQ 1,5er Pferdeanhänger	
971	2er-pferdeanhaenger-faq	FAQ 2er Pferdeanhänger	
976	alu-pferdeanhaenger-faq	FAQ Alu-Pferdeanhänger	
198	anbindebalken-faq	FAQ Anbindebalken	
1056	anhaengerbeleuchtung-faq	FAQ Anhängerbeleuchtung	
994	anhaengerkameras-faq	FAQ Anhängerkameras	
1023	anhaengerkupplungen-faq	FAQ Anhängerkupplungen	
952	anti-scheuer-schutz-faq	FAQ Anti-Scheuer-Schutz	
1116	ausruestung-grundlagen-faq	FAQ Ausrüstung Grundlagen	
627	automatische-traenken-faq	FAQ Automatische Tränken	
368	bahnplaner-faq	FAQ Bahnplaner	
914	balance-pads-faq	FAQ Balance-Pads	
771	bandagen-zur-regeneration-faq	FAQ Bandagen zur Regeneration	
391	batterie-weidezaungeraete-faq	FAQ Batterie-Weidezaungeräte	
962	bodenarbeitshilfen-faq	FAQ Bodenarbeitshilfen	
828	bodenarbeitsseile-faq	FAQ Bodenarbeitsseile	
871	bodenstangen-faq	FAQ Bodenstangen	
179	boxengitter-faq	FAQ Boxengitter	
184	boxenmatten-faq	FAQ Boxenmatten	
174	boxentueren-faq	FAQ Boxentüren	
809	bremsenfallen-faq	FAQ Bremsenfallen	
704	gesundheit-insekten-und-schutz-bremsenfallen-faq	FAQ Bremsenfallen	
272	dachrinnen-am-unterstand-faq	FAQ Dachrinnen am Unterstand	
795	decken-fuer-seniorenpferde-faq	FAQ Decken für Seniorenpferde	
38	pferdedecken-deckengurte-faq	FAQ Deckengurte	
43	pferdedecken-deckentaschen-und-aufbewahrung-faq	FAQ Deckentaschen und Aufbewahrung	
727	desinfektionsmittel-fuer-stall-faq	FAQ Desinfektionsmittel für Stall	
600	diaetfutter-faq	FAQ Diätfutter	
862	doppellonge-faq	FAQ Doppellonge	
666	dosierer-fuer-futter-faq	FAQ Dosierer für Futter	
885	dressurviereck-buchstaben-faq	FAQ Dressurviereck Buchstaben	
843	dualgassen-faq	FAQ Dualgassen	
876	training-bodenhindernisse-dualgassen-faq	FAQ Dualgassen	
1069	einstellvertrag-vorlagen-faq	FAQ Einstellvertrag Vorlagen	
814	ekzemerdecken-faq	FAQ Ekzemerdecken	
709	gesundheit-insekten-und-schutz-ekzemerdecken-faq	FAQ Ekzemerdecken	
421	elektrozaeune-fuer-pferde-faq	FAQ Elektrozäune für Pferde	
105	englische-trensen-faq	FAQ Englische Trensen	
401	erdung-beim-weidezaun-faq	FAQ Erdung beim Weidezaun	
425	festzaeune-fuer-pferde-faq	FAQ Festzäune für Pferde	
804	fliegenmasken-faq	FAQ Fliegenmasken	
699	gesundheit-insekten-und-schutz-fliegenmasken-faq	FAQ Fliegenmasken	
799	fliegensprays-faq	FAQ Fliegensprays	
694	gesundheit-insekten-und-schutz-fliegensprays-faq	FAQ Fliegensprays	
59	halfter-und-stricke-fohlenhalfter-faq	FAQ Fohlenhalfter	
918	fohlenhalfter-faq	FAQ Fohlenhalfter	
671	fressbremsen-faq	FAQ Fressbremsen	
245	fressstaender-im-offenstall-faq	FAQ Fressständer im Offenstall	
489	frostschutz-fuer-weidetraenken-faq	FAQ Frostschutz für Weidetränken	
474	traenken-und-wasser-frostsichere-pferdetraenken-faq	FAQ frostsichere Pferdetränken	
155	frostwaechter-faq	FAQ Frostwächter	
933	fuehrtraining-zubehoer-faq	FAQ Führtraining-Zubehör	
651	futterautomaten-faq	FAQ Futterautomaten	
642	futterkammer-regale-faq	FAQ Futterkammer-Regale	
1124	futterplan-vorlagen-faq	FAQ Futterplan Vorlagen	
632	futtersilos-faq	FAQ Futtersilos	
675	futterstationen-faq	FAQ Futterstationen	
585	futtertonnen-faq	FAQ Futtertonnen	
1106	futterumstellung-checkliste-faq	FAQ Futterumstellung	
1118	fuetterung-grundlagen-faq	FAQ Fütterung Grundlagen	
1079	fuetterungsberatung-faq	FAQ Fütterungsberatung	
661	futterwaagen-faq	FAQ Futterwaagen	
838	gassen-fuer-bodenarbeit-faq	FAQ Gassen für Bodenarbeit	
110	gebisse-faq	FAQ Gebisse	
115	gebisslose-zaeumungen-faq	FAQ Gebisslose Zäumungen	
780	gesundheit-senioren-gelenkergaenzer-fuer-senioren-faq	FAQ Gelenkergänzer für Senioren	
1120	gesundheitsvorsorge-grundlagen-faq	FAQ Gesundheitsvorsorge Grundlagen	
928	gewoehnungssachen-faq	FAQ Gewöhnungssachen	
580	hafer-faq	FAQ Hafer	
1075	haftung-im-stall-faq	FAQ Haftung im Stall	
1081	haltungsberatung-faq	FAQ Haltungsberatung	
528	heuballenraufen-faq	FAQ Heuballenraufen	
499	heubedampfer-faq	FAQ Heubedampfer	
508	heufeuchtemesser-faq	FAQ Heufeuchtemesser	
637	heulagerung-faq	FAQ Heulagerung	
513	heunetze-faq	FAQ Heunetze	
999	heunetze-fuer-anhaenger-faq	FAQ Heunetze für Anhänger	
494	heunetze-fuer-staubarmes-heu-faq	FAQ Heunetze für staubarmes Heu	
504	heupruefer-faq	FAQ Heuprüfer	
523	heuraufen-faq	FAQ Heuraufen	
451	heuraufen-fuer-weiden-faq	FAQ Heuraufen für Weiden	
537	heuspender-faq	FAQ Heuspender	
533	heutaschen-faq	FAQ Heutaschen	
24	pferdedecken-high-neck-decken-faq	FAQ High-Neck-Decken	
900	hindernisstangen-faq	FAQ Hindernisstangen	
286	hoflader-zubehoer-faq	FAQ Hoflader Zubehör	
281	hoftraktoren-faq	FAQ Hoftraktoren	
981	holz-poly-pferdeanhaenger-faq	FAQ Holz-Poly-Pferdeanhänger	
433	holzzaeune-fuer-pferde-faq	FAQ Holzzäune für Pferde	
1090	hufberatung-faq	FAQ Hufberatung	
685	huffett-faq	FAQ Huffett	
680	hufoel-faq	FAQ Huföl	
690	hufschuhe-faq	FAQ Hufschuhe	
610	hufzusaetze-faq	FAQ Hufzusätze	
819	insektenschutz-fuers-pferd-faq	FAQ Insektenschutz fürs Pferd	
479	isolierte-wasserleitungen-faq	FAQ Isolierte Wasserleitungen	
923	jungpferde-ausruestung-faq	FAQ Jungpferde-Ausrüstung	
938	jungpferde-decken-faq	FAQ Jungpferde-Decken	
160	kameras-im-stall-faq	FAQ Kameras im Stall	
867	kappzaum-faq	FAQ Kappzaum	
71	kardaetschen-faq	FAQ Kardätschen	
51	halfter-und-stricke-knotenhalfter-faq	FAQ Knotenhalfter	
833	knotenhalfter-fuer-bodenarbeit-faq	FAQ Knotenhalfter für Bodenarbeit	
189	krippen-fuer-pferdeboxen-faq	FAQ Krippen für Pferdeboxen	
723	kuehlgamaschen-faq	FAQ Kühlgamaschen	
751	gesundheit-regeneration-kuehlgamaschen-faq	FAQ Kühlgamaschen	
437	kunststoffzaeune-fuer-pferde-faq	FAQ Kunststoffzäune für Pferde	
230	liegeflaechen-im-offenstall-faq	FAQ Liegeflächen im Offenstall	
847	longiergurte-faq	FAQ Longiergurte	
852	longierleinen-faq	FAQ Longierleinen	
857	longierpeitschen-faq	FAQ Longierpeitschen	
165	luefter-im-stall-faq	FAQ Lüfter im Stall	
605	magenfutter-faq	FAQ Magenfutter	
761	magnetfelddecken-faq	FAQ Magnetfelddecken	
590	mash-faq	FAQ Mash	
756	massagegeraete-faq	FAQ Massagegeräte	
647	maeusesichere-futterboxen-faq	FAQ Mäusesichere Futterboxen	
566	mineralbar-im-stall-faq	FAQ Mineralbar im Stall	
542	mineralfutter-fuer-pferde-faq	FAQ Mineralfutter für Pferde	
562	mineralfutterspender-faq	FAQ Mineralfutterspender	
547	minerallecksteine-faq	FAQ Minerallecksteine	
207	mistboy-faq	FAQ Mistboy	
216	mistcontainer-faq	FAQ Mistcontainer	
742	mistgabeln-hygiene-faq	FAQ Mistgabeln Hygiene	
220	mistlagerung-faq	FAQ Mistlagerung	
456	mobile-heuraufen-faq	FAQ Mobile Heuraufen	
258	mobile-unterstaende-faq	FAQ Mobile Unterstände	
429	mobile-weidezaeune-faq	FAQ Mobile Weidezäune	
570	mueslis-fuer-pferde-faq	FAQ Müslis für Pferde	
300	nachsaat-fuer-pferdeweiden-faq	FAQ Nachsaat für Pferdeweiden	
396	netzgeraete-fuer-weidezaeune-faq	FAQ Netzgeräte für Weidezäune	
1104	notfallcheckliste-faq	FAQ Notfallcheckliste	
1052	notfallsets-fuer-fahrten-faq	FAQ Notfallsets für Fahrten	
240	offenstall-bodenbefestigung-faq	FAQ Offenstall-Bodenbefestigung	
1587	offenstallbau-faq	FAQ Offenstallbau	
225	offenstallraufen-faq	FAQ Offenstallraufen	
235	offenstalltore-faq	FAQ Offenstalltore	
614	oele-fuer-pferde-faq	FAQ Öle für Pferde	
1592	paddockbau-faq	FAQ Paddockbau	
441	paddockzaeune-faq	FAQ Paddockzäune	
737	parasitenmittel-stall-faq	FAQ Parasitenmittel Stall	
575	pellets-faq	FAQ Pellets	
1048	checklisten-fuer-pferdeanhaenger-faq	FAQ Pferdeanhänger	
986	pferdeanhaenger-mit-sattelkammer-faq	FAQ Pferdeanhänger mit Sattelkammer	
63	pferdebuersten-faq	FAQ Pferdebürsten	
1065	pferdehaftpflicht-faq	FAQ Pferdehaftpflicht	
1110	pferdehaltung-grundlagen-faq	FAQ Pferdehaltung Grundlagen	
1577	pferdesaettel-faq	FAQ Pferdesättel	
1036	putzboxen-fuers-turnier-faq	FAQ Putzboxen fürs Turnier	
193	putzplatzmatten-faq	FAQ Putzplatzmatten	
1007	rampenmatten-faq	FAQ Rampenmatten	
9	pferdedecken-regendecken-faq	FAQ Regendecken	
1067	reitbeteiligungsvertrag-faq	FAQ Reitbeteiligungsvertrag	
128	reithalfter-faq	FAQ Reithalfter	
137	reithandschuhe-faq	FAQ Reithandschuhe	
132	reithelme-faq	FAQ Reithelme	
1597	reitplatzbau-faq	FAQ Reitplatzbau	
344	reitplatzbeleuchtung-faq	FAQ Reitplatzbeleuchtung	
349	reitplatzbewaesserung-faq	FAQ Reitplatzbewässerung	
376	reitplatzbewaesserung-mobil-faq	FAQ Reitplatzbewässerung mobil	
329	reitplatzboden-faq	FAQ Reitplatzboden	
334	reitplatzdrainage-faq	FAQ Reitplatzdrainage	
358	reitplatzplaner-faq	FAQ Reitplatzplaner	
363	reitplatzschleppe-faq	FAQ Reitplatzschleppe	
353	reitplatzspiegel-faq	FAQ Reitplatzspiegel	
339	reitplatzumrandung-faq	FAQ Reitplatzumrandung	
141	reitstiefel-faq	FAQ Reitstiefel	
1019	rutschfeste-anhaengermatten-faq	FAQ Rutschfeste Anhängermatten	
790	rutschfeste-stallmatten-fuer-senioren-faq	FAQ Rutschfeste Stallmatten für Senioren	
552	salzlecksteine-faq	FAQ Salzlecksteine	
372	sandverteiler-faq	FAQ Sandverteiler	
1087	sattelanpassung-beratung-faq	FAQ Sattelanpassung Beratung	
79	satteldecken-faq	FAQ Satteldecken	
88	sattelgurte-faq	FAQ Sattelgurte	
97	sattelschraenke-faq	FAQ Sattelschränke	
101	satteltransport-faq	FAQ Satteltransport	
84	schabracken-faq	FAQ Schabracken	
465	schattensegel-fuer-pferde-faq	FAQ Schattensegel für Pferde	
75	schermaschinen-faq	FAQ Schermaschinen	
714	gesundheit-fellpflege-und-saison-schermaschinen-faq	FAQ Schermaschinen	
211	schubkarren-faq	FAQ Schubkarren	
785	seniorendecken-faq	FAQ Seniorendecken	
775	seniorenfutter-faq	FAQ Seniorenfutter	
595	gesundheit-senioren-seniorenfutter-faq	FAQ Seniorenfutter	
55	halfter-und-stricke-sicherheitshalfter-faq	FAQ Sicherheitshalfter	
942	sicherheitshalfter-faq	FAQ Sicherheitshalfter	
145	sicherheitswesten-faq	FAQ Sicherheitswesten	
518	slowfeeder-faq	FAQ Slowfeeder	
312	solar-weidepumpen-faq	FAQ Solar-Weidepumpen	
386	solar-weidezaungeraete-faq	FAQ Solar-Weidezaungeräte	
124	sperrriemen-faq	FAQ Sperrriemen	
895	springstaender-faq	FAQ Springständer	
557	spurenelemente-faq	FAQ Spurenelemente	
1083	stallbau-beratung-faq	FAQ Stallbau Beratung	
150	stallbeleuchtung-faq	FAQ Stallbeleuchtung	
29	pferdedecken-stalldecken-faq	FAQ Stalldecken	
47	halfter-und-stricke-stallhalfter-faq	FAQ Stallhalfter	
747	stallmatten-reiniger-faq	FAQ Stallmatten-Reiniger	
1094	stallwechsel-checkliste-faq	FAQ Stallwechsel	
890	stangenhalter-faq	FAQ Stangenhalter	
93	steigbuegel-faq	FAQ Steigbügel	
947	stressarme-ausruestung-faq	FAQ Stressarme Ausrüstung	
67	striegel-faq	FAQ Striegel	
1028	stuetzraeder-faq	FAQ Stützräder	
484	thermotraenken-faq	FAQ Thermotränken	
909	trail-elemente-faq	FAQ Trail-Elemente	
881	trail-hindernisse-faq	FAQ Trail-Hindernisse	
1129	trainingsplan-vorlage-faq	FAQ Trainingsplan Vorlage	
957	trainingsplaene-problempferde-faq	FAQ Trainingspläne Problempferde	
904	trainingszubehoer-faq	FAQ Trainingszubehör	
623	traenkeeimer-faq	FAQ Tränkeeimer	
990	transportgamaschen-faq	FAQ Transportgamaschen	
1071	transportrecht-pferde-faq	FAQ Transportrecht Pferde	
1040	transporttaschen-faq	FAQ Transporttaschen	
249	trennwaende-im-offenstall-faq	FAQ Trennwände im Offenstall	
1582	trensen-faq	FAQ Trensen	
1032	turnierboxen-faq	FAQ Turnierboxen	
1102	turniercheckliste-faq	FAQ Turniercheckliste	
1044	turnierplaner-faq	FAQ Turnierplaner	
1061	tuev-beim-pferdeanhaenger-faq	FAQ TÜV beim Pferdeanhänger	
19	pferdedecken-uebergangsdecken-faq	FAQ Übergangsdecken	
33	pferdedecken-unterdecken-faq	FAQ Unterdecken	
276	unterstand-beleuchtung-faq	FAQ Unterstand-Beleuchtung	
267	unterstand-boden-faq	FAQ Unterstand-Boden	
823	verbandskoffer-faq	FAQ Verbandskoffer	
718	verbandsmaterial-faq	FAQ Verbandsmaterial	
1015	verladehilfen-faq	FAQ Verladehilfen	
1011	verladestangen-faq	FAQ Verladestangen	
1003	verladetraining-zubehoer-faq	FAQ Verladetraining Zubehör	
766	waermedecken-faq	FAQ Wärmedecken	
732	waschmittel-fuer-pferdedecken-faq	FAQ Waschmittel für Pferdedecken	
202	waschplatz-fuer-pferde-faq	FAQ Waschplatz für Pferde	
169	wasserleitungen-im-stall-faq	FAQ Wasserleitungen im Stall	
321	wassertroege-fuer-weiden-faq	FAQ Wassertröge für Weiden	
619	weide-wassertanks-faq	FAQ Weide-Wassertanks	
317	weidebrunnen-faq	FAQ Weidebrunnen	
1098	weidecheckliste-faq	FAQ Weidecheckliste	
325	weidekameras-faq	FAQ Weidekameras	
409	weidezaeune-weidelitze-faq	FAQ Weidelitze	
1112	weidemanagement-grundlagen-faq	FAQ Weidemanagement Grundlagen	
296	weidepflegegeraete-faq	FAQ Weidepflegegeräte	
304	weideschleppen-faq	FAQ Weideschleppen	
413	weidezaeune-weideseil-faq	FAQ Weideseil	
446	weidetore-faq	FAQ Weidetore	
469	weidetraenken-faq	FAQ Weidetränken	
254	weideunterstaende-faq	FAQ Weideunterstände	
308	weidewalzen-faq	FAQ Weidewalzen	
405	weidezaeune-weidezaunband-faq	FAQ Weidezaunband	
291	weidezaungeraete-faq	FAQ Weidezaungeräte	
381	weide-zauntechnik-weidezaungeraete-faq	FAQ Weidezaungeräte	
461	weidezelt-faq	FAQ Weidezelt	
262	windschutz-fuer-pferde-faq	FAQ Windschutz für Pferde	
14	pferdedecken-winterdecken-faq	FAQ Winterdecken	
417	weidezaeune-zaunpfosten-faq	FAQ Zaunpfosten	
656	zeitschalt-futterautomaten-faq	FAQ Zeitschalt-Futterautomaten	
120	zuegel-faq	FAQ Zügel	
1533	glossar	Glossar	
371	bahnplaner-installation	Installation Bahnplaner	
394	batterie-weidezaungeraete-installation	Installation Batterie-Weidezaungeräte	
424	elektrozaeune-fuer-pferde-installation	Installation Elektrozäune für Pferde	
404	erdung-beim-weidezaun-installation	Installation Erdung beim Weidezaun	
428	festzaeune-fuer-pferde-installation	Installation Festzäune für Pferde	
492	frostschutz-fuer-weidetraenken-installation	Installation Frostschutz für Weidetränken	
454	heuraufen-fuer-weiden-installation	Installation Heuraufen für Weiden	
436	holzzaeune-fuer-pferde-installation	Installation Holzzäune für Pferde	
440	kunststoffzaeune-fuer-pferde-installation	Installation Kunststoffzäune für Pferde	
459	mobile-heuraufen-installation	Installation Mobile Heuraufen	
432	mobile-weidezaeune-installation	Installation Mobile Weidezäune	
303	nachsaat-fuer-pferdeweiden-installation	Installation Nachsaat für Pferdeweiden	
399	netzgeraete-fuer-weidezaeune-installation	Installation Netzgeräte für Weidezäune	
1590	offenstallbau-installation	Installation Offenstallbau	
1595	paddockbau-installation	Installation Paddockbau	
444	paddockzaeune-installation	Installation Paddockzäune	
1600	reitplatzbau-installation	Installation Reitplatzbau	
347	reitplatzbeleuchtung-installation	Installation Reitplatzbeleuchtung	
352	reitplatzbewaesserung-installation	Installation Reitplatzbewässerung	
379	reitplatzbewaesserung-mobil-installation	Installation Reitplatzbewässerung mobil	
332	reitplatzboden-installation	Installation Reitplatzboden	
337	reitplatzdrainage-installation	Installation Reitplatzdrainage	
361	reitplatzplaner-installation	Installation Reitplatzplaner	
366	reitplatzschleppe-installation	Installation Reitplatzschleppe	
356	reitplatzspiegel-installation	Installation Reitplatzspiegel	
342	reitplatzumrandung-installation	Installation Reitplatzumrandung	
375	sandverteiler-installation	Installation Sandverteiler	
468	schattensegel-fuer-pferde-installation	Installation Schattensegel für Pferde	
315	solar-weidepumpen-installation	Installation Solar-Weidepumpen	
389	solar-weidezaungeraete-installation	Installation Solar-Weidezaungeräte	
324	wassertroege-fuer-weiden-installation	Installation Wassertröge für Weiden	
622	weide-wassertanks-installation	Installation Weide-Wassertanks	
320	weidebrunnen-installation	Installation Weidebrunnen	
1101	weidecheckliste-installation	Installation Weidecheckliste	
328	weidekameras-installation	Installation Weidekameras	
412	weidezaeune-weidelitze-installation	Installation Weidelitze	
1115	weidemanagement-grundlagen-installation	Installation Weidemanagement Grundlagen	
299	weidepflegegeraete-installation	Installation Weidepflegegeräte	
307	weideschleppen-installation	Installation Weideschleppen	
416	weidezaeune-weideseil-installation	Installation Weideseil	
449	weidetore-installation	Installation Weidetore	
472	weidetraenken-installation	Installation Weidetränken	
311	weidewalzen-installation	Installation Weidewalzen	
408	weidezaeune-weidezaunband-installation	Installation Weidezaunband	
294	weidezaungeraete-installation	Installation Weidezaungeräte	
384	weide-zauntechnik-weidezaungeraete-installation	Installation Weidezaungeräte	
464	weidezelt-installation	Installation Weidezelt	
420	weidezaeune-zaunpfosten-installation	Installation Zaunpfosten	
970	1-5er-pferdeanhaenger-kosten	Kosten 1,5er Pferdeanhänger	
975	2er-pferdeanhaenger-kosten	Kosten 2er Pferdeanhänger	
980	alu-pferdeanhaenger-kosten	Kosten Alu-Pferdeanhänger	
1060	anhaengerbeleuchtung-kosten	Kosten Anhängerbeleuchtung	
998	anhaengerkameras-kosten	Kosten Anhängerkameras	
1027	anhaengerkupplungen-kosten	Kosten Anhängerkupplungen	
395	batterie-weidezaungeraete-kosten	Kosten Batterie-Weidezaungeräte	
183	boxengitter-kosten	Kosten Boxengitter	
188	boxenmatten-kosten	Kosten Boxenmatten	
178	boxentueren-kosten	Kosten Boxentüren	
42	pferdedecken-deckengurte-kosten	Kosten Deckengurte	
109	englische-trensen-kosten	Kosten Englische Trensen	
493	frostschutz-fuer-weidetraenken-kosten	Kosten Frostschutz für Weidetränken	
159	frostwaechter-kosten	Kosten Frostwächter	
114	gebisse-kosten	Kosten Gebisse	
119	gebisslose-zaeumungen-kosten	Kosten Gebisslose Zäumungen	
455	heuraufen-fuer-weiden-kosten	Kosten Heuraufen für Weiden	
28	pferdedecken-high-neck-decken-kosten	Kosten High-Neck-Decken	
290	hoflader-zubehoer-kosten	Kosten Hoflader Zubehör	
285	hoftraktoren-kosten	Kosten Hoftraktoren	
985	holz-poly-pferdeanhaenger-kosten	Kosten Holz-Poly-Pferdeanhänger	
164	kameras-im-stall-kosten	Kosten Kameras im Stall	
234	liegeflaechen-im-offenstall-kosten	Kosten Liegeflächen im Offenstall	
224	mistlagerung-kosten	Kosten Mistlagerung	
460	mobile-heuraufen-kosten	Kosten Mobile Heuraufen	
400	netzgeraete-fuer-weidezaeune-kosten	Kosten Netzgeräte für Weidezäune	
244	offenstall-bodenbefestigung-kosten	Kosten Offenstall-Bodenbefestigung	
1591	offenstallbau-kosten	Kosten Offenstallbau	
229	offenstallraufen-kosten	Kosten Offenstallraufen	
239	offenstalltore-kosten	Kosten Offenstalltore	
1596	paddockbau-kosten	Kosten Paddockbau	
445	paddockzaeune-kosten	Kosten Paddockzäune	
1581	pferdesaettel-kosten	Kosten Pferdesättel	
197	putzplatzmatten-kosten	Kosten Putzplatzmatten	
13	pferdedecken-regendecken-kosten	Kosten Regendecken	
136	reithelme-kosten	Kosten Reithelme	
1601	reitplatzbau-kosten	Kosten Reitplatzbau	
348	reitplatzbeleuchtung-kosten	Kosten Reitplatzbeleuchtung	
380	reitplatzbewaesserung-mobil-kosten	Kosten Reitplatzbewässerung mobil	
333	reitplatzboden-kosten	Kosten Reitplatzboden	
338	reitplatzdrainage-kosten	Kosten Reitplatzdrainage	
362	reitplatzplaner-kosten	Kosten Reitplatzplaner	
367	reitplatzschleppe-kosten	Kosten Reitplatzschleppe	
357	reitplatzspiegel-kosten	Kosten Reitplatzspiegel	
343	reitplatzumrandung-kosten	Kosten Reitplatzumrandung	
1089	sattelanpassung-beratung-kosten	Kosten Sattelanpassung Beratung	
83	satteldecken-kosten	Kosten Satteldecken	
92	sattelgurte-kosten	Kosten Sattelgurte	
215	schubkarren-kosten	Kosten Schubkarren	
149	sicherheitswesten-kosten	Kosten Sicherheitswesten	
316	solar-weidepumpen-kosten	Kosten Solar-Weidepumpen	
390	solar-weidezaungeraete-kosten	Kosten Solar-Weidezaungeräte	
154	stallbeleuchtung-kosten	Kosten Stallbeleuchtung	
253	trennwaende-im-offenstall-kosten	Kosten Trennwände im Offenstall	
1586	trensen-kosten	Kosten Trensen	
23	pferdedecken-uebergangsdecken-kosten	Kosten Übergangsdecken	
37	pferdedecken-unterdecken-kosten	Kosten Unterdecken	
280	unterstand-beleuchtung-kosten	Kosten Unterstand-Beleuchtung	
271	unterstand-boden-kosten	Kosten Unterstand-Boden	
206	waschplatz-fuer-pferde-kosten	Kosten Waschplatz für Pferde	
173	wasserleitungen-im-stall-kosten	Kosten Wasserleitungen im Stall	
450	weidetore-kosten	Kosten Weidetore	
473	weidetraenken-kosten	Kosten Weidetränken	
295	weidezaungeraete-kosten	Kosten Weidezaungeräte	
385	weide-zauntechnik-weidezaungeraete-kosten	Kosten Weidezaungeräte	
266	windschutz-fuer-pferde-kosten	Kosten Windschutz für Pferde	
18	pferdedecken-winterdecken-kosten	Kosten Winterdecken	
630	automatische-traenken-lagerung	Lagerung Automatische Tränken	
603	diaetfutter-lagerung	Lagerung Diätfutter	
669	dosierer-fuer-futter-lagerung	Lagerung Dosierer für Futter	
477	traenken-und-wasser-frostsichere-pferdetraenken-lagerung	Lagerung frostsichere Pferdetränken	
654	futterautomaten-lagerung	Lagerung Futterautomaten	
645	futterkammer-regale-lagerung	Lagerung Futterkammer-Regale	
1127	futterplan-vorlagen-lagerung	Lagerung Futterplan Vorlagen	
635	futtersilos-lagerung	Lagerung Futtersilos	
678	futterstationen-lagerung	Lagerung Futterstationen	
588	futtertonnen-lagerung	Lagerung Futtertonnen	
1109	futterumstellung-checkliste-lagerung	Lagerung Futterumstellung-Checkliste	
664	futterwaagen-lagerung	Lagerung Futterwaagen	
583	hafer-lagerung	Lagerung Hafer	
531	heuballenraufen-lagerung	Lagerung Heuballenraufen	
502	heubedampfer-lagerung	Lagerung Heubedampfer	
511	heufeuchtemesser-lagerung	Lagerung Heufeuchtemesser	
640	heulagerung-lagerung	Lagerung Heulagerung	
516	heunetze-lagerung	Lagerung Heunetze	
497	heunetze-fuer-staubarmes-heu-lagerung	Lagerung Heunetze für staubarmes Heu	
507	heupruefer-lagerung	Lagerung Heuprüfer	
526	heuraufen-lagerung	Lagerung Heuraufen	
540	heuspender-lagerung	Lagerung Heuspender	
536	heutaschen-lagerung	Lagerung Heutaschen	
482	isolierte-wasserleitungen-lagerung	Lagerung Isolierte Wasserleitungen	
608	magenfutter-lagerung	Lagerung Magenfutter	
593	mash-lagerung	Lagerung Mash	
545	mineralfutter-fuer-pferde-lagerung	Lagerung Mineralfutter für Pferde	
565	mineralfutterspender-lagerung	Lagerung Mineralfutterspender	
550	minerallecksteine-lagerung	Lagerung Minerallecksteine	
573	mueslis-fuer-pferde-lagerung	Lagerung Müslis für Pferde	
617	oele-fuer-pferde-lagerung	Lagerung Öle für Pferde	
578	pellets-lagerung	Lagerung Pellets	
555	salzlecksteine-lagerung	Lagerung Salzlecksteine	
521	slowfeeder-lagerung	Lagerung Slowfeeder	
560	spurenelemente-lagerung	Lagerung Spurenelemente	
487	thermotraenken-lagerung	Lagerung Thermotränken	
626	traenkeeimer-lagerung	Lagerung Tränkeeimer	
659	zeitschalt-futterautomaten-lagerung	Lagerung Zeitschalt-Futterautomaten	
1481	pferde-verstehen	Pferde verstehen	
1487	pferdeernaehrung-verstehen	Pferdeernährung verstehen	
1486	pferdegesundheit-verstehen	Pferdegesundheit verstehen	
1485	alltags-pferde-haltungsformen	Pferdehaltung & Stallaltag	
1482	pferderassen-pferdetypen	Pferderassen & Pferdetypen	
1500	pferdewissen-grundlagen	Pferdewissen & Grundlagen	
201	anbindebalken-pflege	Pflege Anbindebalken	
773	bandagen-zur-regeneration-pflege	Pflege Bandagen zur Regeneration	
182	boxengitter-pflege	Pflege Boxengitter	
187	boxenmatten-pflege	Pflege Boxenmatten	
177	boxentueren-pflege	Pflege Boxentüren	
811	bremsenfallen-pflege	Pflege Bremsenfallen	
706	gesundheit-insekten-und-schutz-bremsenfallen-pflege	Pflege Bremsenfallen	
275	dachrinnen-am-unterstand-pflege	Pflege Dachrinnen am Unterstand	
797	decken-fuer-seniorenpferde-pflege	Pflege Decken für Seniorenpferde	
41	pferdedecken-deckengurte-pflege	Pflege Deckengurte	
46	pferdedecken-deckentaschen-und-aufbewahrung-pflege	Pflege Deckentaschen und Aufbewahrung	
729	desinfektionsmittel-fuer-stall-pflege	Pflege Desinfektionsmittel für Stall	
816	ekzemerdecken-pflege	Pflege Ekzemerdecken	
711	gesundheit-insekten-und-schutz-ekzemerdecken-pflege	Pflege Ekzemerdecken	
108	englische-trensen-pflege	Pflege Englische Trensen	
806	fliegenmasken-pflege	Pflege Fliegenmasken	
701	gesundheit-insekten-und-schutz-fliegenmasken-pflege	Pflege Fliegenmasken	
801	fliegensprays-pflege	Pflege Fliegensprays	
696	gesundheit-insekten-und-schutz-fliegensprays-pflege	Pflege Fliegensprays	
62	halfter-und-stricke-fohlenhalfter-pflege	Pflege Fohlenhalfter	
674	fressbremsen-pflege	Pflege Fressbremsen	
248	fressstaender-im-offenstall-pflege	Pflege Fressständer im Offenstall	
158	frostwaechter-pflege	Pflege Frostwächter	
113	gebisse-pflege	Pflege Gebisse	
118	gebisslose-zaeumungen-pflege	Pflege Gebisslose Zäumungen	
782	gesundheit-senioren-gelenkergaenzer-fuer-senioren-pflege	Pflege Gelenkergänzer für Senioren	
1122	gesundheitsvorsorge-grundlagen-pflege	Pflege Gesundheitsvorsorge Grundlagen	
1078	haftung-im-stall-pflege	Pflege Haftung im Stall	
27	pferdedecken-high-neck-decken-pflege	Pflege High-Neck-Decken	
289	hoflader-zubehoer-pflege	Pflege Hoflader Zubehör	
284	hoftraktoren-pflege	Pflege Hoftraktoren	
1092	hufberatung-pflege	Pflege Hufberatung	
687	huffett-pflege	Pflege Huffett	
682	hufoel-pflege	Pflege Huföl	
692	hufschuhe-pflege	Pflege Hufschuhe	
612	hufzusaetze-pflege	Pflege Hufzusätze	
821	insektenschutz-fuers-pferd-pflege	Pflege Insektenschutz fürs Pferd	
163	kameras-im-stall-pflege	Pflege Kameras im Stall	
74	kardaetschen-pflege	Pflege Kardätschen	
54	halfter-und-stricke-knotenhalfter-pflege	Pflege Knotenhalfter	
192	krippen-fuer-pferdeboxen-pflege	Pflege Krippen für Pferdeboxen	
725	kuehlgamaschen-pflege	Pflege Kühlgamaschen	
753	gesundheit-regeneration-kuehlgamaschen-pflege	Pflege Kühlgamaschen	
233	liegeflaechen-im-offenstall-pflege	Pflege Liegeflächen im Offenstall	
168	luefter-im-stall-pflege	Pflege Lüfter im Stall	
763	magnetfelddecken-pflege	Pflege Magnetfelddecken	
758	massagegeraete-pflege	Pflege Massagegeräte	
650	maeusesichere-futterboxen-pflege	Pflege Mäusesichere Futterboxen	
569	mineralbar-im-stall-pflege	Pflege Mineralbar im Stall	
210	mistboy-pflege	Pflege Mistboy	
219	mistcontainer-pflege	Pflege Mistcontainer	
744	mistgabeln-hygiene-pflege	Pflege Mistgabeln Hygiene	
223	mistlagerung-pflege	Pflege Mistlagerung	
261	mobile-unterstaende-pflege	Pflege Mobile Unterstände	
243	offenstall-bodenbefestigung-pflege	Pflege Offenstall-Bodenbefestigung	
228	offenstallraufen-pflege	Pflege Offenstallraufen	
238	offenstalltore-pflege	Pflege Offenstalltore	
739	parasitenmittel-stall-pflege	Pflege Parasitenmittel Stall	
66	pferdebuersten-pflege	Pflege Pferdebürsten	
1580	pferdesaettel-pflege	Pflege Pferdesättel	
196	putzplatzmatten-pflege	Pflege Putzplatzmatten	
12	pferdedecken-regendecken-pflege	Pflege Regendecken	
131	reithalfter-pflege	Pflege Reithalfter	
140	reithandschuhe-pflege	Pflege Reithandschuhe	
135	reithelme-pflege	Pflege Reithelme	
144	reitstiefel-pflege	Pflege Reitstiefel	
792	rutschfeste-stallmatten-fuer-senioren-pflege	Pflege Rutschfeste Stallmatten für Senioren	
82	satteldecken-pflege	Pflege Satteldecken	
91	sattelgurte-pflege	Pflege Sattelgurte	
100	sattelschraenke-pflege	Pflege Sattelschränke	
87	schabracken-pflege	Pflege Schabracken	
78	schermaschinen-pflege	Pflege Schermaschinen	
716	gesundheit-fellpflege-und-saison-schermaschinen-pflege	Pflege Schermaschinen	
214	schubkarren-pflege	Pflege Schubkarren	
787	seniorendecken-pflege	Pflege Seniorendecken	
777	seniorenfutter-pflege	Pflege Seniorenfutter	
597	gesundheit-senioren-seniorenfutter-pflege	Pflege Seniorenfutter	
58	halfter-und-stricke-sicherheitshalfter-pflege	Pflege Sicherheitshalfter	
148	sicherheitswesten-pflege	Pflege Sicherheitswesten	
127	sperrriemen-pflege	Pflege Sperrriemen	
1086	stallbau-beratung-pflege	Pflege Stallbau Beratung	
153	stallbeleuchtung-pflege	Pflege Stallbeleuchtung	
32	pferdedecken-stalldecken-pflege	Pflege Stalldecken	
50	halfter-und-stricke-stallhalfter-pflege	Pflege Stallhalfter	
749	stallmatten-reiniger-pflege	Pflege Stallmatten-Reiniger	
1097	stallwechsel-checkliste-pflege	Pflege Stallwechsel	
96	steigbuegel-pflege	Pflege Steigbügel	
70	striegel-pflege	Pflege Striegel	
252	trennwaende-im-offenstall-pflege	Pflege Trennwände im Offenstall	
1585	trensen-pflege	Pflege Trensen	
22	pferdedecken-uebergangsdecken-pflege	Pflege Übergangsdecken	
36	pferdedecken-unterdecken-pflege	Pflege Unterdecken	
279	unterstand-beleuchtung-pflege	Pflege Unterstand-Beleuchtung	
270	unterstand-boden-pflege	Pflege Unterstand-Boden	
825	verbandskoffer-pflege	Pflege Verbandskoffer	
720	verbandsmaterial-pflege	Pflege Verbandsmaterial	
768	waermedecken-pflege	Pflege Wärmedecken	
734	waschmittel-fuer-pferdedecken-pflege	Pflege Waschmittel für Pferdedecken	
205	waschplatz-fuer-pferde-pflege	Pflege Waschplatz für Pferde	
172	wasserleitungen-im-stall-pflege	Pflege Wasserleitungen im Stall	
257	weideunterstaende-pflege	Pflege Weideunterstände	
265	windschutz-fuer-pferde-pflege	Pflege Windschutz für Pferde	
17	pferdedecken-winterdecken-pflege	Pflege Winterdecken	
123	zuegel-pflege	Pflege Zügel	
1483	recht-finanzen-organisation	Recht, Finanzen & Organisation	
1484	reiterleben-community	Reiterleben & Miteinander	
969	1-5er-pferdeanhaenger-sicherheit	Sicherheit 1,5er Pferdeanhänger	
974	2er-pferdeanhaenger-sicherheit	Sicherheit 2er Pferdeanhänger	
979	alu-pferdeanhaenger-sicherheit	Sicherheit Alu-Pferdeanhänger	
1059	anhaengerbeleuchtung-sicherheit	Sicherheit Anhängerbeleuchtung	
997	anhaengerkameras-sicherheit	Sicherheit Anhängerkameras	
1026	anhaengerkupplungen-sicherheit	Sicherheit Anhängerkupplungen	
955	anti-scheuer-schutz-sicherheit	Sicherheit Anti-Scheuer-Schutz	
917	balance-pads-sicherheit	Sicherheit Balance-Pads	
774	bandagen-zur-regeneration-sicherheit	Sicherheit Bandagen zur Regeneration	
965	bodenarbeitshilfen-sicherheit	Sicherheit Bodenarbeitshilfen	
831	bodenarbeitsseile-sicherheit	Sicherheit Bodenarbeitsseile	
874	bodenstangen-sicherheit	Sicherheit Bodenstangen	
812	bremsenfallen-sicherheit	Sicherheit Bremsenfallen	
707	gesundheit-insekten-und-schutz-bremsenfallen-sicherheit	Sicherheit Bremsenfallen	
798	decken-fuer-seniorenpferde-sicherheit	Sicherheit Decken für Seniorenpferde	
730	desinfektionsmittel-fuer-stall-sicherheit	Sicherheit Desinfektionsmittel für Stall	
865	doppellonge-sicherheit	Sicherheit Doppellonge	
888	dressurviereck-buchstaben-sicherheit	Sicherheit Dressurviereck Buchstaben	
846	dualgassen-sicherheit	Sicherheit Dualgassen	
879	training-bodenhindernisse-dualgassen-sicherheit	Sicherheit Dualgassen	
817	ekzemerdecken-sicherheit	Sicherheit Ekzemerdecken	
712	gesundheit-insekten-und-schutz-ekzemerdecken-sicherheit	Sicherheit Ekzemerdecken	
807	fliegenmasken-sicherheit	Sicherheit Fliegenmasken	
702	gesundheit-insekten-und-schutz-fliegenmasken-sicherheit	Sicherheit Fliegenmasken	
802	fliegensprays-sicherheit	Sicherheit Fliegensprays	
697	gesundheit-insekten-und-schutz-fliegensprays-sicherheit	Sicherheit Fliegensprays	
921	fohlenhalfter-sicherheit	Sicherheit Fohlenhalfter	
936	fuehrtraining-zubehoer-sicherheit	Sicherheit Führtraining-Zubehör	
841	gassen-fuer-bodenarbeit-sicherheit	Sicherheit Gassen für Bodenarbeit	
783	gesundheit-senioren-gelenkergaenzer-fuer-senioren-sicherheit	Sicherheit Gelenkergänzer für Senioren	
1123	gesundheitsvorsorge-grundlagen-sicherheit	Sicherheit Gesundheitsvorsorge Grundlagen	
931	gewoehnungssachen-sicherheit	Sicherheit Gewöhnungssachen	
1002	heunetze-fuer-anhaenger-sicherheit	Sicherheit Heunetze für Anhänger	
903	hindernisstangen-sicherheit	Sicherheit Hindernisstangen	
984	holz-poly-pferdeanhaenger-sicherheit	Sicherheit Holz-Poly-Pferdeanhänger	
1093	hufberatung-sicherheit	Sicherheit Hufberatung	
688	huffett-sicherheit	Sicherheit Huffett	
683	hufoel-sicherheit	Sicherheit Huföl	
693	hufschuhe-sicherheit	Sicherheit Hufschuhe	
613	hufzusaetze-sicherheit	Sicherheit Hufzusätze	
822	insektenschutz-fuers-pferd-sicherheit	Sicherheit Insektenschutz fürs Pferd	
926	jungpferde-ausruestung-sicherheit	Sicherheit Jungpferde-Ausrüstung	
941	jungpferde-decken-sicherheit	Sicherheit Jungpferde-Decken	
870	kappzaum-sicherheit	Sicherheit Kappzaum	
836	knotenhalfter-fuer-bodenarbeit-sicherheit	Sicherheit Knotenhalfter für Bodenarbeit	
726	kuehlgamaschen-sicherheit	Sicherheit Kühlgamaschen	
754	gesundheit-regeneration-kuehlgamaschen-sicherheit	Sicherheit Kühlgamaschen	
850	longiergurte-sicherheit	Sicherheit Longiergurte	
855	longierleinen-sicherheit	Sicherheit Longierleinen	
860	longierpeitschen-sicherheit	Sicherheit Longierpeitschen	
764	magnetfelddecken-sicherheit	Sicherheit Magnetfelddecken	
759	massagegeraete-sicherheit	Sicherheit Massagegeräte	
745	mistgabeln-hygiene-sicherheit	Sicherheit Mistgabeln Hygiene	
1055	notfallsets-fuer-fahrten-sicherheit	Sicherheit Notfallsets für Fahrten	
740	parasitenmittel-stall-sicherheit	Sicherheit Parasitenmittel Stall	
1051	checklisten-fuer-pferdeanhaenger-sicherheit	Sicherheit Pferdeanhänger	
989	pferdeanhaenger-mit-sattelkammer-sicherheit	Sicherheit Pferdeanhänger mit Sattelkammer	
1039	putzboxen-fuers-turnier-sicherheit	Sicherheit Putzboxen fürs Turnier	
1010	rampenmatten-sicherheit	Sicherheit Rampenmatten	
1022	rutschfeste-anhaengermatten-sicherheit	Sicherheit Rutschfeste Anhängermatten	
793	rutschfeste-stallmatten-fuer-senioren-sicherheit	Sicherheit Rutschfeste Stallmatten für Senioren	
104	satteltransport-sicherheit	Sicherheit Satteltransport	
717	gesundheit-fellpflege-und-saison-schermaschinen-sicherheit	Sicherheit Schermaschinen	
788	seniorendecken-sicherheit	Sicherheit Seniorendecken	
778	seniorenfutter-sicherheit	Sicherheit Seniorenfutter	
598	gesundheit-senioren-seniorenfutter-sicherheit	Sicherheit Seniorenfutter	
945	sicherheitshalfter-sicherheit	Sicherheit Sicherheitshalfter	
898	springstaender-sicherheit	Sicherheit Springständer	
750	stallmatten-reiniger-sicherheit	Sicherheit Stallmatten-Reiniger	
893	stangenhalter-sicherheit	Sicherheit Stangenhalter	
950	stressarme-ausruestung-sicherheit	Sicherheit Stressarme Ausrüstung	
1031	stuetzraeder-sicherheit	Sicherheit Stützräder	
912	trail-elemente-sicherheit	Sicherheit Trail-Elemente	
884	trail-hindernisse-sicherheit	Sicherheit Trail-Hindernisse	
1132	trainingsplan-vorlage-sicherheit	Sicherheit Trainingsplan Vorlage	
960	trainingsplaene-problempferde-sicherheit	Sicherheit Trainingspläne Problempferde	
907	trainingszubehoer-sicherheit	Sicherheit Trainingszubehör	
993	transportgamaschen-sicherheit	Sicherheit Transportgamaschen	
1074	transportrecht-pferde-sicherheit	Sicherheit Transportrecht Pferde	
1043	transporttaschen-sicherheit	Sicherheit Transporttaschen	
1035	turnierboxen-sicherheit	Sicherheit Turnierboxen	
1047	turnierplaner-sicherheit	Sicherheit Turnierplaner	
1064	tuev-beim-pferdeanhaenger-sicherheit	Sicherheit TÜV beim Pferdeanhänger	
826	verbandskoffer-sicherheit	Sicherheit Verbandskoffer	
721	verbandsmaterial-sicherheit	Sicherheit Verbandsmaterial	
1018	verladehilfen-sicherheit	Sicherheit Verladehilfen	
1014	verladestangen-sicherheit	Sicherheit Verladestangen	
1006	verladetraining-zubehoer-sicherheit	Sicherheit Verladetraining Zubehör	
769	waermedecken-sicherheit	Sicherheit Wärmedecken	
735	waschmittel-fuer-pferdedecken-sicherheit	Sicherheit Waschmittel für Pferdedecken	
954	anti-scheuer-schutz-uebungen	Übungen Anti-Scheuer-Schutz	
916	balance-pads-uebungen	Übungen Balance-Pads	
964	bodenarbeitshilfen-uebungen	Übungen Bodenarbeitshilfen	
830	bodenarbeitsseile-uebungen	Übungen Bodenarbeitsseile	
873	bodenstangen-uebungen	Übungen Bodenstangen	
864	doppellonge-uebungen	Übungen Doppellonge	
887	dressurviereck-buchstaben-uebungen	Übungen Dressurviereck Buchstaben	
845	dualgassen-uebungen	Übungen Dualgassen	
878	training-bodenhindernisse-dualgassen-uebungen	Übungen Dualgassen	
920	fohlenhalfter-uebungen	Übungen Fohlenhalfter	
935	fuehrtraining-zubehoer-uebungen	Übungen Führtraining-Zubehör	
840	gassen-fuer-bodenarbeit-uebungen	Übungen Gassen für Bodenarbeit	
930	gewoehnungssachen-uebungen	Übungen Gewöhnungssachen	
902	hindernisstangen-uebungen	Übungen Hindernisstangen	
925	jungpferde-ausruestung-uebungen	Übungen Jungpferde-Ausrüstung	
940	jungpferde-decken-uebungen	Übungen Jungpferde-Decken	
869	kappzaum-uebungen	Übungen Kappzaum	
835	knotenhalfter-fuer-bodenarbeit-uebungen	Übungen Knotenhalfter für Bodenarbeit	
849	longiergurte-uebungen	Übungen Longiergurte	
854	longierleinen-uebungen	Übungen Longierleinen	
859	longierpeitschen-uebungen	Übungen Longierpeitschen	
944	sicherheitshalfter-uebungen	Übungen Sicherheitshalfter	
897	springstaender-uebungen	Übungen Springständer	
892	stangenhalter-uebungen	Übungen Stangenhalter	
949	stressarme-ausruestung-uebungen	Übungen Stressarme Ausrüstung	
911	trail-elemente-uebungen	Übungen Trail-Elemente	
883	trail-hindernisse-uebungen	Übungen Trail-Hindernisse	
1131	trainingsplan-vorlage-uebungen	Übungen Trainingsplan Vorlage	
959	trainingsplaene-problempferde-uebungen	Übungen Trainingspläne Problempferde	
906	trainingszubehoer-uebungen	Übungen Trainingszubehör	
1	uncategorized	Uncategorized	
968	1-5er-pferdeanhaenger-vergleich	Vergleich 1,5er Pferdeanhänger	
973	2er-pferdeanhaenger-vergleich	Vergleich 2er Pferdeanhänger	
978	alu-pferdeanhaenger-vergleich	Vergleich Alu-Pferdeanhänger	
200	anbindebalken-vergleich	Vergleich Anbindebalken	
1058	anhaengerbeleuchtung-vergleich	Vergleich Anhängerbeleuchtung	
996	anhaengerkameras-vergleich	Vergleich Anhängerkameras	
1025	anhaengerkupplungen-vergleich	Vergleich Anhängerkupplungen	
629	automatische-traenken-vergleich	Vergleich Automatische Tränken	
370	bahnplaner-vergleich	Vergleich Bahnplaner	
393	batterie-weidezaungeraete-vergleich	Vergleich Batterie-Weidezaungeräte	
181	boxengitter-vergleich	Vergleich Boxengitter	
186	boxenmatten-vergleich	Vergleich Boxenmatten	
176	boxentueren-vergleich	Vergleich Boxentüren	
274	dachrinnen-am-unterstand-vergleich	Vergleich Dachrinnen am Unterstand	
40	pferdedecken-deckengurte-vergleich	Vergleich Deckengurte	
45	pferdedecken-deckentaschen-und-aufbewahrung-vergleich	Vergleich Deckentaschen und Aufbewahrung	
602	diaetfutter-vergleich	Vergleich Diätfutter	
668	dosierer-fuer-futter-vergleich	Vergleich Dosierer für Futter	
423	elektrozaeune-fuer-pferde-vergleich	Vergleich Elektrozäune für Pferde	
107	englische-trensen-vergleich	Vergleich Englische Trensen	
403	erdung-beim-weidezaun-vergleich	Vergleich Erdung beim Weidezaun	
427	festzaeune-fuer-pferde-vergleich	Vergleich Festzäune für Pferde	
61	halfter-und-stricke-fohlenhalfter-vergleich	Vergleich Fohlenhalfter	
673	fressbremsen-vergleich	Vergleich Fressbremsen	
247	fressstaender-im-offenstall-vergleich	Vergleich Fressständer im Offenstall	
491	frostschutz-fuer-weidetraenken-vergleich	Vergleich Frostschutz für Weidetränken	
476	traenken-und-wasser-frostsichere-pferdetraenken-vergleich	Vergleich frostsichere Pferdetränken	
157	frostwaechter-vergleich	Vergleich Frostwächter	
653	futterautomaten-vergleich	Vergleich Futterautomaten	
644	futterkammer-regale-vergleich	Vergleich Futterkammer-Regale	
1126	futterplan-vorlagen-vergleich	Vergleich Futterplan Vorlagen	
634	futtersilos-vergleich	Vergleich Futtersilos	
677	futterstationen-vergleich	Vergleich Futterstationen	
587	futtertonnen-vergleich	Vergleich Futtertonnen	
1108	futterumstellung-checkliste-vergleich	Vergleich Futterumstellung	
663	futterwaagen-vergleich	Vergleich Futterwaagen	
112	gebisse-vergleich	Vergleich Gebisse	
117	gebisslose-zaeumungen-vergleich	Vergleich Gebisslose Zäumungen	
582	hafer-vergleich	Vergleich Hafer	
1077	haftung-im-stall-vergleich	Vergleich Haftung im Stall	
530	heuballenraufen-vergleich	Vergleich Heuballenraufen	
501	heubedampfer-vergleich	Vergleich Heubedampfer	
510	heufeuchtemesser-vergleich	Vergleich Heufeuchtemesser	
639	heulagerung-vergleich	Vergleich Heulagerung	
515	heunetze-vergleich	Vergleich Heunetze	
1001	heunetze-fuer-anhaenger-vergleich	Vergleich Heunetze für Anhänger	
496	heunetze-fuer-staubarmes-heu-vergleich	Vergleich Heunetze für staubarmes Heu	
506	heupruefer-vergleich	Vergleich Heuprüfer	
525	heuraufen-vergleich	Vergleich Heuraufen	
453	heuraufen-fuer-weiden-vergleich	Vergleich Heuraufen für Weiden	
539	heuspender-vergleich	Vergleich Heuspender	
535	heutaschen-vergleich	Vergleich Heutaschen	
26	pferdedecken-high-neck-decken-vergleich	Vergleich High-Neck-Decken	
288	hoflader-zubehoer-vergleich	Vergleich Hoflader Zubehör	
283	hoftraktoren-vergleich	Vergleich Hoftraktoren	
983	holz-poly-pferdeanhaenger-vergleich	Vergleich Holz-Poly-Pferdeanhänger	
435	holzzaeune-fuer-pferde-vergleich	Vergleich Holzzäune für Pferde	
481	isolierte-wasserleitungen-vergleich	Vergleich Isolierte Wasserleitungen	
162	kameras-im-stall-vergleich	Vergleich Kameras im Stall	
73	kardaetschen-vergleich	Vergleich Kardätschen	
53	halfter-und-stricke-knotenhalfter-vergleich	Vergleich Knotenhalfter	
191	krippen-fuer-pferdeboxen-vergleich	Vergleich Krippen für Pferdeboxen	
439	kunststoffzaeune-fuer-pferde-vergleich	Vergleich Kunststoffzäune für Pferde	
232	liegeflaechen-im-offenstall-vergleich	Vergleich Liegeflächen im Offenstall	
167	luefter-im-stall-vergleich	Vergleich Lüfter im Stall	
607	magenfutter-vergleich	Vergleich Magenfutter	
592	mash-vergleich	Vergleich Mash	
649	maeusesichere-futterboxen-vergleich	Vergleich Mäusesichere Futterboxen	
568	mineralbar-im-stall-vergleich	Vergleich Mineralbar im Stall	
544	mineralfutter-fuer-pferde-vergleich	Vergleich Mineralfutter für Pferde	
564	mineralfutterspender-vergleich	Vergleich Mineralfutterspender	
549	minerallecksteine-vergleich	Vergleich Minerallecksteine	
209	mistboy-vergleich	Vergleich Mistboy	
218	mistcontainer-vergleich	Vergleich Mistcontainer	
222	mistlagerung-vergleich	Vergleich Mistlagerung	
458	mobile-heuraufen-vergleich	Vergleich Mobile Heuraufen	
260	mobile-unterstaende-vergleich	Vergleich Mobile Unterstände	
431	mobile-weidezaeune-vergleich	Vergleich Mobile Weidezäune	
572	mueslis-fuer-pferde-vergleich	Vergleich Müslis für Pferde	
302	nachsaat-fuer-pferdeweiden-vergleich	Vergleich Nachsaat für Pferdeweiden	
398	netzgeraete-fuer-weidezaeune-vergleich	Vergleich Netzgeräte für Weidezäune	
1054	notfallsets-fuer-fahrten-vergleich	Vergleich Notfallsets für Fahrten	
242	offenstall-bodenbefestigung-vergleich	Vergleich Offenstall-Bodenbefestigung	
1589	offenstallbau-vergleich	Vergleich Offenstallbau	
227	offenstallraufen-vergleich	Vergleich Offenstallraufen	
237	offenstalltore-vergleich	Vergleich Offenstalltore	
616	oele-fuer-pferde-vergleich	Vergleich Öle für Pferde	
1594	paddockbau-vergleich	Vergleich Paddockbau	
443	paddockzaeune-vergleich	Vergleich Paddockzäune	
577	pellets-vergleich	Vergleich Pellets	
1050	checklisten-fuer-pferdeanhaenger-vergleich	Vergleich Pferdeanhänger	
988	pferdeanhaenger-mit-sattelkammer-vergleich	Vergleich Pferdeanhänger mit Sattelkammer	
65	pferdebuersten-vergleich	Vergleich Pferdebürsten	
1579	pferdesaettel-vergleich	Vergleich Pferdesättel	
1038	putzboxen-fuers-turnier-vergleich	Vergleich Putzboxen fürs Turnier	
195	putzplatzmatten-vergleich	Vergleich Putzplatzmatten	
1009	rampenmatten-vergleich	Vergleich Rampenmatten	
11	pferdedecken-regendecken-vergleich	Vergleich Regendecken	
130	reithalfter-vergleich	Vergleich Reithalfter	
139	reithandschuhe-vergleich	Vergleich Reithandschuhe	
134	reithelme-vergleich	Vergleich Reithelme	
1599	reitplatzbau-vergleich	Vergleich Reitplatzbau	
346	reitplatzbeleuchtung-vergleich	Vergleich Reitplatzbeleuchtung	
351	reitplatzbewaesserung-vergleich	Vergleich Reitplatzbewässerung	
378	reitplatzbewaesserung-mobil-vergleich	Vergleich Reitplatzbewässerung mobil	
331	reitplatzboden-vergleich	Vergleich Reitplatzboden	
336	reitplatzdrainage-vergleich	Vergleich Reitplatzdrainage	
360	reitplatzplaner-vergleich	Vergleich Reitplatzplaner	
365	reitplatzschleppe-vergleich	Vergleich Reitplatzschleppe	
355	reitplatzspiegel-vergleich	Vergleich Reitplatzspiegel	
341	reitplatzumrandung-vergleich	Vergleich Reitplatzumrandung	
143	reitstiefel-vergleich	Vergleich Reitstiefel	
1021	rutschfeste-anhaengermatten-vergleich	Vergleich Rutschfeste Anhängermatten	
554	salzlecksteine-vergleich	Vergleich Salzlecksteine	
374	sandverteiler-vergleich	Vergleich Sandverteiler	
81	satteldecken-vergleich	Vergleich Satteldecken	
90	sattelgurte-vergleich	Vergleich Sattelgurte	
99	sattelschraenke-vergleich	Vergleich Sattelschränke	
103	satteltransport-vergleich	Vergleich Satteltransport	
86	schabracken-vergleich	Vergleich Schabracken	
467	schattensegel-fuer-pferde-vergleich	Vergleich Schattensegel für Pferde	
77	schermaschinen-vergleich	Vergleich Schermaschinen	
213	schubkarren-vergleich	Vergleich Schubkarren	
57	halfter-und-stricke-sicherheitshalfter-vergleich	Vergleich Sicherheitshalfter	
147	sicherheitswesten-vergleich	Vergleich Sicherheitswesten	
520	slowfeeder-vergleich	Vergleich Slowfeeder	
314	solar-weidepumpen-vergleich	Vergleich Solar-Weidepumpen	
388	solar-weidezaungeraete-vergleich	Vergleich Solar-Weidezaungeräte	
126	sperrriemen-vergleich	Vergleich Sperrriemen	
559	spurenelemente-vergleich	Vergleich Spurenelemente	
1085	stallbau-beratung-vergleich	Vergleich Stallbau Beratung	
152	stallbeleuchtung-vergleich	Vergleich Stallbeleuchtung	
31	pferdedecken-stalldecken-vergleich	Vergleich Stalldecken	
49	halfter-und-stricke-stallhalfter-vergleich	Vergleich Stallhalfter	
1096	stallwechsel-checkliste-vergleich	Vergleich Stallwechsel	
95	steigbuegel-vergleich	Vergleich Steigbügel	
69	striegel-vergleich	Vergleich Striegel	
1030	stuetzraeder-vergleich	Vergleich Stützräder	
486	thermotraenken-vergleich	Vergleich Thermotränken	
625	traenkeeimer-vergleich	Vergleich Tränkeeimer	
992	transportgamaschen-vergleich	Vergleich Transportgamaschen	
1073	transportrecht-pferde-vergleich	Vergleich Transportrecht Pferde	
1042	transporttaschen-vergleich	Vergleich Transporttaschen	
251	trennwaende-im-offenstall-vergleich	Vergleich Trennwände im Offenstall	
1584	trensen-vergleich	Vergleich Trensen	
1034	turnierboxen-vergleich	Vergleich Turnierboxen	
1046	turnierplaner-vergleich	Vergleich Turnierplaner	
1063	tuev-beim-pferdeanhaenger-vergleich	Vergleich TÜV beim Pferdeanhänger	
21	pferdedecken-uebergangsdecken-vergleich	Vergleich Übergangsdecken	
35	pferdedecken-unterdecken-vergleich	Vergleich Unterdecken	
278	unterstand-beleuchtung-vergleich	Vergleich Unterstand-Beleuchtung	
269	unterstand-boden-vergleich	Vergleich Unterstand-Boden	
1017	verladehilfen-vergleich	Vergleich Verladehilfen	
1013	verladestangen-vergleich	Vergleich Verladestangen	
1005	verladetraining-zubehoer-vergleich	Vergleich Verladetraining Zubehör	
204	waschplatz-fuer-pferde-vergleich	Vergleich Waschplatz für Pferde	
171	wasserleitungen-im-stall-vergleich	Vergleich Wasserleitungen im Stall	
323	wassertroege-fuer-weiden-vergleich	Vergleich Wassertröge für Weiden	
621	weide-wassertanks-vergleich	Vergleich Weide-Wassertanks	
319	weidebrunnen-vergleich	Vergleich Weidebrunnen	
1100	weidecheckliste-vergleich	Vergleich Weidecheckliste	
327	weidekameras-vergleich	Vergleich Weidekameras	
411	weidezaeune-weidelitze-vergleich	Vergleich Weidelitze	
1114	weidemanagement-grundlagen-vergleich	Vergleich Weidemanagement Grundlagen	
298	weidepflegegeraete-vergleich	Vergleich Weidepflegegeräte	
306	weideschleppen-vergleich	Vergleich Weideschleppen	
415	weidezaeune-weideseil-vergleich	Vergleich Weideseil	
448	weidetore-vergleich	Vergleich Weidetore	
471	weidetraenken-vergleich	Vergleich Weidetränken	
256	weideunterstaende-vergleich	Vergleich Weideunterstände	
310	weidewalzen-vergleich	Vergleich Weidewalzen	
407	weidezaeune-weidezaunband-vergleich	Vergleich Weidezaunband	
293	weidezaungeraete-vergleich	Vergleich Weidezaungeräte	
383	weide-zauntechnik-weidezaungeraete-vergleich	Vergleich Weidezaungeräte	
463	weidezelt-vergleich	Vergleich Weidezelt	
264	windschutz-fuer-pferde-vergleich	Vergleich Windschutz für Pferde	
16	pferdedecken-winterdecken-vergleich	Vergleich Winterdecken	
419	weidezaeune-zaunpfosten-vergleich	Vergleich Zaunpfosten	
658	zeitschalt-futterautomaten-vergleich	Vergleich Zeitschalt-Futterautomaten	
122	zuegel-vergleich	Vergleich Zügel	
